precision,accuracy,recall,duration
0.5277777777777778,0.5757575757575758,0.48284313725490197,1576.1655268669128
