precision,accuracy,recall,duration
0.2745614035087719,0.3333333333333333,0.27456140350877195,121.76741528511047
