precision,accuracy,recall,duration
0.9166666666666667,0.8484848484848485,0.6875,2131.2836418151855
