precision,accuracy,recall,duration
0.38816738816738816,0.5757575757575758,0.45265151515151514,1308.9137964248657
