precision,accuracy,recall,duration
0.5942028985507246,0.696969696969697,0.6240740740740741,1361.992376089096
