precision,accuracy,recall,duration
0.6,0.6875,0.7142857142857143,91.91318845748901
