precision,accuracy,recall,duration
0.4901960784313726,0.5384615384615384,0.4901960784313726,32.298823833465576
