precision,accuracy,recall,duration
0.6666666666666666,0.8461538461538461,0.9166666666666667,63.644909620285034
