precision,accuracy,recall,duration
0.5416666666666666,0.6363636363636364,0.3703703703703704,1455.7936253547668
