precision,accuracy,recall,duration
0.94,0.9305555555555556,0.9361111111111111,152.62522292137146
