precision,accuracy,recall,duration
0.7023809523809523,0.76,0.7023809523809523,25.28003978729248
