precision,accuracy,recall,duration
0.37857142857142856,0.5454545454545454,0.4034090909090909,1593.557032585144
