precision,accuracy,recall,duration
0.45652173913043476,0.8076923076923077,0.4375,44.00047183036804
