precision,accuracy,recall,duration
0.6447368421052632,0.72,0.6309523809523809,23.167704343795776
