precision,accuracy,recall,duration
0.5928571428571429,0.7272727272727273,0.565,67.94061183929443
