precision,accuracy,recall,duration
0.8709677419354839,0.7575757575757576,0.6,1290.9910230636597
