precision,accuracy,recall,duration
0.4095238095238095,0.5384615384615384,0.43790849673202614,23.593950510025024
