precision,accuracy,recall,duration
0.5466666666666667,0.6060606060606061,0.4140350877192982,1320.436175107956
