precision,accuracy,recall,duration
0.45,0.6363636363636364,0.4943181818181818,1436.1705815792084
