precision,accuracy,recall,duration
0.771551724137931,0.7878787878787878,0.6458333333333334,67.00022101402283
