precision,accuracy,recall,duration
0.9827586206896552,0.96875,0.875,1591.4568929672241
