precision,accuracy,recall,duration
0.4870689655172414,0.6666666666666666,0.4930555555555556,94.16758251190186
