precision,accuracy,recall,duration
0.7407407407407407,0.5,0.5333333333333333,36.18502402305603
