precision,accuracy,recall,duration
0.45864661654135336,0.5384615384615384,0.46405228758169936,63.866209506988525
