precision,accuracy,recall,duration
0.3849206349206349,0.5757575757575758,0.4621212121212121,1375.2994875907898
