precision,accuracy,recall,duration
0.5625,0.46153846153846156,0.7083333333333334,26.75311851501465
