precision,accuracy,recall,duration
0.24074074074074073,0.34375,0.30952380952380953,93.18176865577698
