precision,accuracy,recall,duration
0.9916666666666667,0.9861111111111112,0.9904761904761905,153.60230469703674
