precision,accuracy,recall,duration
0.5761904761904761,0.8076923076923077,0.6666666666666667,94.7408344745636
