precision,accuracy,recall,duration
0.5890688259109311,0.65625,0.6964285714285714,114.9057834148407
