precision,accuracy,recall,duration
0.5909090909090908,0.6538461538461539,0.5522875816993464,3776.3263981342316
