precision,accuracy,recall,duration
0.30864197530864196,0.5454545454545454,0.43333333333333335,74.53979396820068
