precision,accuracy,recall,duration
0.5444444444444444,0.78125,0.5535714285714286,94.35217475891113
