precision,accuracy,recall,duration
0.8444444444444444,0.5757575757575758,0.44949494949494956,1329.2897539138794
