precision,accuracy,recall,duration
0.8833333333333333,0.7878787878787878,0.65,1621.555550813675
