precision,accuracy,recall,duration
0.4222222222222222,0.5151515151515151,0.32982456140350874,78.60114359855652
