precision,accuracy,recall,duration
0.43103448275862066,0.78125,0.44642857142857145,75.5401930809021
