precision,accuracy,recall,duration
0.37777777777777777,0.5151515151515151,0.37982456140350873,97.12235641479492
