precision,accuracy,recall,duration
0.19999999999999998,0.5454545454545454,0.3157894736842105,1311.8485555648804
