precision,accuracy,recall,duration
0.3787878787878788,0.7575757575757576,0.5,917.9683210849762
