precision,accuracy,recall,duration
0.3076923076923077,0.6153846153846154,0.5,25.5745370388031
