precision,accuracy,recall,duration
0.4333333333333333,0.6363636363636364,0.39074074074074067,1397.6312947273254
