precision,accuracy,recall,duration
0.5512820512820512,0.6363636363636364,0.43157894736842106,1461.841587305069
