precision,accuracy,recall,duration
0.5111111111111111,0.5757575757575758,0.42424242424242425,1490.827722787857
