precision,accuracy,recall,duration
0.6209677419354839,0.7272727272727273,0.5347222222222222,117.0177903175354
