precision,accuracy,recall,duration
0.4090909090909091,0.8181818181818182,0.5,1432.2892577648163
