precision,accuracy,recall,duration
0.5444444444444444,0.6666666666666666,0.43333333333333335,1496.8258919715881
