precision,accuracy,recall,duration
0.7083333333333333,0.7307692307692307,0.6633986928104575,88.25642228126526
