precision,accuracy,recall,duration
0.859375,0.7272727272727273,0.55,1073.2280781269073
