precision,accuracy,recall,duration
0.4523809523809524,0.7307692307692307,0.3958333333333333,69.69380021095276
