precision,accuracy,recall,duration
0.5625,0.6153846153846154,0.51875,63.30081653594971
