precision,accuracy,recall,duration
0.35185185185185186,0.5454545454545454,0.41911764705882354,75.38056993484497
