precision,accuracy,recall,duration
0.8333333333333333,0.6923076923076923,0.6,85.6825966835022
