precision,accuracy,recall,duration
0.646551724137931,0.7575757575757576,0.585,91.13938546180725
