precision,accuracy,recall,duration
0.53125,0.6060606060606061,0.4166666666666667,1434.8106200695038
