precision,accuracy,recall,duration
0.7394636015325671,0.5757575757575758,0.44949494949494956,1326.4089727401733
