precision,accuracy,recall,duration
0.6790123456790124,0.696969696969697,0.5111111111111111,1300.7562832832336
