precision,accuracy,recall,duration,fold
0.7666666666666666,0.8484848484848485,0.6481481481481481,1506.592030763626,3
0.3787878787878788,0.7575757575757576,0.5,2002.3007628917692,4
0.875,0.7575757575757576,0.5555555555555556,1523.183066368103,2
0.8833333333333333,0.7878787878787878,0.65,1621.555550813675,1
