precision,accuracy,recall,duration
0.30952380952380953,0.45454545454545453,0.3602941176470589,93.73436307907104
