precision,accuracy,recall,duration
0.6594202898550725,0.6538461538461539,0.56875,96.5902054309845
