precision,accuracy,recall,duration
0.4380952380952381,0.6060606060606061,0.46401515151515155,1308.948974609375
