precision,accuracy,recall,duration
0.7255639097744361,0.7307692307692307,0.6875,64.50104475021362
