precision,accuracy,recall,duration
0.36996336996337,0.5454545454545454,0.4128787878787879,1371.8078396320343
