precision,accuracy,recall,duration
0.5796703296703296,0.6666666666666666,0.5630434782608695,121.69808602333069
