precision,accuracy,recall,duration
0.7887931034482758,0.8181818181818182,0.6675,1185.1515588760376
