precision,accuracy,recall,duration
0.7543103448275862,0.7575757575757576,0.6282608695652174,94.5935730934143
