precision,accuracy,recall,duration
0.8913043478260869,0.8,0.6428571428571428,36.70877552032471
