precision,accuracy,recall,duration
0.8870967741935484,0.7878787878787878,0.6111111111111112,1067.2186965942383
