precision,accuracy,recall,duration
0.6594202898550725,0.6538461538461539,0.56875,81.2869942188263
