precision,accuracy,recall,duration
0.556390977443609,0.6153846153846154,0.5490196078431372,26.005290508270264
