precision,accuracy,recall,duration
0.4090909090909091,0.8181818181818182,0.5,758.8090875148773
