precision,accuracy,recall,duration
0.3787878787878788,0.7575757575757576,0.5,2685.9425513744354
