precision,accuracy,recall,duration
0.5085470085470085,0.696969696969697,0.4851851851851852,1546.129482269287
