precision,accuracy,recall,duration
0.70625,0.7307692307692307,0.7156862745098038,93.00726127624512
