precision,accuracy,recall,duration
0.9066666666666667,0.9722222222222222,0.92,153.02405333518982
