precision,accuracy,recall,duration
0.5111111111111111,0.5454545454545454,0.393939393939394,1425.555658340454
