precision,accuracy,recall,duration
0.3269230769230769,0.6538461538461539,0.5,2010.455403804779
