precision,accuracy,recall,duration
0.5583333333333333,0.7692307692307693,0.6458333333333333,70.38015413284302
