precision,accuracy,recall,duration
0.19191919191919193,0.5757575757575758,0.3333333333333333,1668.41046500206
