precision,accuracy,recall,duration
0.5095238095238095,0.5769230769230769,0.50625,18.23413109779358
