precision,accuracy,recall,duration
0.890625,0.7878787878787878,0.5625,1363.2756481170654
