precision,accuracy,recall,duration
0.6333333333333333,0.6538461538461539,0.5875,69.87554168701172
