precision,accuracy,recall,duration
0.6447368421052632,0.72,0.6309523809523809,63.31418824195862
