precision,accuracy,recall,duration
0.9666666666666667,0.9375,0.75,1574.8449850082397
