precision,accuracy,recall,duration
0.6433333333333334,0.6666666666666666,0.5149122807017544,1271.555071592331
