precision,accuracy,recall,duration
0.3269230769230769,0.6538461538461539,0.5,459.4820291996002
