precision,accuracy,recall,duration
0.5833333333333333,0.6538461538461539,0.5261437908496732,68.00398707389832
