precision,accuracy,recall,duration
0.8333333333333333,0.6923076923076923,0.6,26.531356811523438
