precision,accuracy,recall,duration
0.49275362318840576,0.6153846153846154,0.49673202614379086,25.060232400894165
