precision,accuracy,recall,duration
0.6370967741935484,0.7575757575757576,0.5425,1461.1534025669098
