precision,accuracy,recall,duration
0.859375,0.7272727272727273,0.55,79.90536212921143
