precision,accuracy,recall,duration
0.5811965811965812,0.5757575757575758,0.4842171717171717,1538.4445538520813
