precision,accuracy,recall,duration
0.9032258064516129,0.8181818181818182,0.625,1393.2337810993195
