precision,accuracy,recall,duration
0.7,0.7272727272727273,0.5782608695652174,95.25623726844788
