precision,accuracy,recall,duration
0.42241379310344823,0.5454545454545454,0.4034090909090909,1348.3419709205627
