precision,accuracy,recall,duration
0.4,0.7272727272727273,0.4444444444444444,91.25330662727356
