precision,accuracy,recall,duration
0.7023809523809523,0.76,0.7023809523809523,63.74702310562134
