precision,accuracy,recall,duration
0.45,0.6923076923076923,0.375,17.572572946548462
