precision,accuracy,recall,duration
0.921875,0.8484848484848485,0.5833333333333334,1293.691563129425
