precision,accuracy,recall,duration
0.6022727272727273,0.8461538461538461,0.6875,82.46072840690613
