precision,accuracy,recall,duration
0.5333333333333333,0.6153846153846154,0.522875816993464,51.107476472854614
