precision,accuracy,recall,duration
0.6,0.6923076923076923,0.8333333333333333,10.041457653045654
