precision,accuracy,recall,duration
0.4230769230769231,0.6875,0.39285714285714285,91.63845133781433
