precision,accuracy,recall,duration
0.6180555555555556,0.696969696969697,0.6180555555555556,92.16294002532959
