precision,accuracy,recall,duration
0.7013888888888888,0.7307692307692307,0.6895424836601307,36.386008501052856
