precision,accuracy,recall,duration
0.3787878787878788,0.7575757575757576,0.5,1995.8784348964691
