precision,accuracy,recall,duration
0.7386363636363636,0.7307692307692307,0.6372549019607843,67.01313924789429
