precision,accuracy,recall,duration
0.6111111111111112,0.6538461538461539,0.6045751633986928,36.25586819648743
