precision,accuracy,recall,duration
0.6309523809523809,0.72,0.5873015873015872,85.2363440990448
