precision,accuracy,recall,duration
0.5483870967741935,0.6666666666666666,0.40740740740740744,1695.5299949645996
