precision,accuracy,recall,duration
0.4761904761904762,0.48484848484848486,0.4659090909090909,93.5987937450409
