precision,accuracy,recall,duration
0.780952380952381,0.7692307692307693,0.6928104575163399,77.55481290817261
