precision,accuracy,recall,duration
0.5925925925925926,0.7575757575757576,0.5925925925925926,118.03978514671326
