precision,accuracy,recall,duration
0.8387096774193549,0.5454545454545454,0.41919191919191917,1520.3933486938477
