precision,accuracy,recall,duration
0.4571428571428572,0.6363636363636364,0.4722222222222222,89.57172989845276
