precision,accuracy,recall,duration
0.5051282051282051,0.5757575757575758,0.4703703703703704,93.41824007034302
