precision,accuracy,recall,duration
0.9516129032258065,0.90625,0.625,1760.7529468536377
