precision,accuracy,recall,duration
0.36363636363636365,0.7272727272727273,0.5,1466.9012138843536
