precision,accuracy,recall,duration
0.5303030303030303,0.68,0.5158730158730158,105.09459638595581
