precision,accuracy,recall,duration
0.5,0.5151515151515151,0.3636363636363636,1776.0360345840454
