precision,accuracy,recall,duration
0.890625,0.7878787878787878,0.5625,1585.5555591583252
