precision,accuracy,recall,duration
0.8200000000000001,0.6538461538461539,0.55,95.96414113044739
