precision,accuracy,recall,duration
0.21350762527233114,0.3125,0.2261904761904762,114.85485672950745
