precision,accuracy,recall,duration
0.7638888888888888,0.7692307692307693,0.7375,22.618730783462524
