precision,accuracy,recall,duration
0.5625,0.6666666666666666,0.5675,114.4216856956482
