best_model_train_loss,best_model_val_loss,best_model_train_acc,best_model_val_acc,best_model_learning_rate,best_model_nb_epoch
0.1347152292728424,1.3634027242660522,0.9618320465087891,0.6666666865348816,0.0010000000474974513,196
