precision,accuracy,recall,duration
0.5166666666666666,0.6666666666666666,0.5065217391304347,99.88498258590698
