precision,accuracy,recall,duration
0.20202020202020202,0.6060606060606061,0.3333333333333333,1548.6873497962952
