precision,accuracy,recall,duration
0.5376344086021505,0.6363636363636364,0.39999999999999997,1583.1090490818024
