precision,accuracy,recall,duration
0.6028571428571429,0.78125,0.6607142857142857,98.30783128738403
