precision,accuracy,recall,duration
0.5300751879699248,0.5769230769230769,0.525,50.70120859146118
