precision,accuracy,recall,duration
0.8166666666666667,0.8076923076923077,0.7483660130718954,88.28665089607239
