precision,accuracy,recall,duration
0.875,0.76,0.5714285714285714,78.60470652580261
