precision,accuracy,recall,duration
0.45454545454545453,0.7692307692307693,0.4166666666666667,65.62564945220947
