precision,accuracy,recall,duration
0.32857142857142857,0.46875,0.33730158730158727,73.4240312576294
