precision,accuracy,recall,duration
0.3484848484848485,0.696969696969697,0.5,96.91944575309753
