precision,accuracy,recall,duration
0.53125,0.6060606060606061,0.3666666666666667,1371.300363779068
