precision,accuracy,recall,duration
0.5571428571428572,0.6666666666666666,0.5347826086956522,67.22812533378601
