precision,accuracy,recall,duration
0.875,0.7575757575757576,0.5555555555555556,1523.183066368103
