precision,accuracy,recall,duration
0.921875,0.8484848484848485,0.5833333333333334,98.3255250453949
