precision,accuracy,recall,duration
0.6333333333333333,0.48484848484848486,0.4059343434343434,115.97256660461426
