precision,accuracy,recall,duration
0.4102564102564103,0.6666666666666666,0.42777777777777776,1613.2668430805206
