precision,accuracy,recall,duration
0.5347222222222222,0.6923076923076923,0.6041666666666667,92.09170079231262
