precision,accuracy,recall,duration
0.5714285714285714,0.8125,0.5714285714285714,66.94911479949951
