precision,accuracy,recall,duration
0.6195652173913043,0.72,0.5436507936507936,88.91768908500671
