precision,accuracy,recall,duration
0.7666666666666666,0.8484848484848485,0.6481481481481481,1287.7586166858673
