best_model_train_loss,best_model_val_loss,best_model_train_acc,best_model_val_acc,best_model_learning_rate,best_model_nb_epoch
0.13835319876670837,0.9270606637001038,0.9847328066825867,0.6969696879386902,0.0010000000474974513,179
