precision,accuracy,recall,duration
0.5847826086956521,0.696969696969697,0.6203703703703703,95.70048713684082
