precision,accuracy,recall,duration
0.6541353383458646,0.6923076923076923,0.6339869281045751,69.62578797340393
