precision,accuracy,recall,duration
0.6444444444444444,0.6666666666666666,0.6950000000000001,97.30933594703674
