precision,accuracy,recall,duration
0.8400000000000001,0.6923076923076923,0.5555555555555556,29.68345618247986
