precision,accuracy,recall,duration
0.859375,0.7272727272727273,0.55,1550.8001601696014
