precision,accuracy,recall,duration
0.4380952380952381,0.696969696969697,0.4444444444444444,1305.9457204341888
