precision,accuracy,recall,duration
0.5483870967741935,0.6666666666666666,0.40740740740740744,1373.7560482025146
