precision,accuracy,recall,duration
0.7916666666666667,0.8076923076923077,0.7745098039215685,88.43497920036316
