precision,accuracy,recall,duration
0.16161616161616163,0.48484848484848486,0.3333333333333333,2361.2868473529816
