precision,accuracy,recall,duration
0.9376984126984128,0.9444444444444444,0.9438095238095239,152.39521980285645
