precision,accuracy,recall,duration
0.3709677419354838,0.6060606060606061,0.4166666666666667,1469.409386396408
