precision,accuracy,recall,duration
0.4431818181818182,0.5769230769230769,0.4673202614379085,63.81049108505249
