precision,accuracy,recall,duration
0.921875,0.8484848484848485,0.5833333333333334,1153.8483176231384
