precision,accuracy,recall,duration
0.7,0.76,0.6587301587301587,65.83215618133545
