precision,accuracy,recall,duration
0.3484848484848485,0.696969696969697,0.5,1428.2800714969635
