precision,accuracy,recall,duration
0.6571428571428571,0.6923076923076923,0.6078431372549019,62.8931667804718
