precision,accuracy,recall,duration
0.36162870945479636,0.48484848484848486,0.3537037037037037,116.95021724700928
