precision,accuracy,recall,duration
0.2835249042145594,0.48484848484848486,0.3428030303030303,75.88187003135681
