precision,accuracy,recall,duration
0.6601307189542484,0.6923076923076923,0.6601307189542484,19.7931170463562
