precision,accuracy,recall,duration
0.6388888888888888,0.7272727272727273,0.6041666666666666,95.95359992980957
