precision,accuracy,recall,duration
0.36363636363636365,0.7272727272727273,0.5,2284.589175462723
