precision,accuracy,recall,duration
0.4339080459770115,0.5757575757575758,0.5,1489.2541756629944
