precision,accuracy,recall,duration
0.6,0.6538461538461539,0.5784313725490196,18.405999898910522
