precision,accuracy,recall,duration
0.9,0.8181818181818182,0.6666666666666666,1141.4344644546509
