precision,accuracy,recall,duration
0.3484848484848485,0.696969696969697,0.5,1877.73393034935
