precision,accuracy,recall,duration
0.935483870967742,0.8787878787878788,0.6666666666666666,1190.5793516635895
