precision,accuracy,recall,duration
0.5681818181818181,0.6153846153846154,0.5375,25.90833806991577
