precision,accuracy,recall,duration
0.5483870967741935,0.6363636363636364,0.3703703703703704,1582.363535642624
