precision,accuracy,recall,duration
0.6693548387096775,0.8181818181818182,0.5648148148148148,89.8797550201416
