precision,accuracy,recall,duration
0.5416666666666666,0.6363636363636364,0.4166666666666667,1366.9663298130035
