precision,accuracy,recall,duration
0.4090909090909091,0.8181818181818182,0.5,1462.6282315254211
