precision,accuracy,recall,duration
0.7196969696969697,0.76,0.6150793650793651,69.865638256073
