precision,accuracy,recall,duration
0.8571428571428572,0.9375,0.8571428571428572,1222.274881362915
