precision,accuracy,recall,duration
0.53125,0.6060606060606061,0.3666666666666667,1358.2205798625946
