precision,accuracy,recall,duration
0.4568965517241379,0.6363636363636364,0.4157894736842105,1773.4210224151611
