precision,accuracy,recall,duration
0.31153846153846154,0.48484848484848486,0.42401960784313725,114.48845148086548
