precision,accuracy,recall,duration
0.51875,0.6153846153846154,0.5625,22.677024364471436
