precision,accuracy,recall,duration
0.5268817204301075,0.5757575757575758,0.34912280701754383,1580.6508705615997
