precision,accuracy,recall,duration
0.6365384615384615,0.5757575757575758,0.6775,91.43751335144043
