precision,accuracy,recall,duration
0.6369047619047619,0.696969696969697,0.6725,92.80214548110962
