precision,accuracy,recall,duration
0.3269230769230769,0.6538461538461539,0.5,488.09888887405396
